Shahid,https://raw.githubusercontent.com/pathak-neha/email-wrq-survey/master/27385s2h9.jpg
Vipin,https://raw.githubusercontent.com/pathak-neha/email-wrq-survey/master/279857v4.gif
Bava,https://raw.githubusercontent.com/pathak-neha/email-wrq-survey/master/2bv4063812.gif
Steve,https://raw.githubusercontent.com/pathak-neha/email-wrq-survey/master/2s38496v135.gif
Alina,https://raw.githubusercontent.com/pathak-neha/email-wrq-survey/master/3276489as4.jpg
Brian,https://raw.githubusercontent.com/pathak-neha/email-wrq-survey/master/3658232b3c47.jpg
Pamela,https://raw.githubusercontent.com/pathak-neha/email-wrq-survey/master/45p730m598.gif
Kenny,https://raw.githubusercontent.com/pathak-neha/email-wrq-survey/master/7854862k4f82.png
Karen,https://raw.githubusercontent.com/pathak-neha/email-wrq-survey/master/7k947a03.gif
Karan,https://raw.githubusercontent.com/pathak-neha/email-wrq-survey/master/93285.jpg
Billy,https://raw.githubusercontent.com/pathak-neha/email-wrq-survey/master/953825bn970.gif
